Datetime,AEP,COMED,DAYTON,DEOK,DOM,DUQ,EKPC,FE,NI,PJME,PJMW,PJM_Load
2011-09-30 01:00:00,12643.0,9380.0,1489.0,,7973.0,1367.0,,6238.0,,24844.0,4181.0,
2011-09-30 02:00:00,12046.0,8846.0,1409.0,,7564.0,1332.0,,5992.0,,23527.0,3992.0,
2011-09-30 03:00:00,11857.0,8532.0,1379.0,,7316.0,1311.0,,5868.0,,22818.0,3898.0,
2011-09-30 04:00:00,11720.0,8318.0,1374.0,,7188.0,1273.0,,5769.0,,22530.0,3866.0,
2011-09-30 05:00:00,11861.0,8279.0,1392.0,,7335.0,1296.0,,5888.0,,22870.0,3902.0,
2011-09-30 06:00:00,12550.0,8436.0,1511.0,,7929.0,1372.0,,6202.0,,24571.0,4163.0,
2011-09-30 07:00:00,13816.0,9075.0,1722.0,,9018.0,1491.0,,6962.0,,27845.0,4702.0,
2011-09-30 08:00:00,14550.0,10224.0,1862.0,,9527.0,1559.0,,7496.0,,29475.0,4932.0,
2011-09-30 09:00:00,14695.0,10810.0,1885.0,,9824.0,1582.0,,7593.0,,30636.0,4923.0,
2011-09-30 10:00:00,14930.0,10998.0,1916.0,,10196.0,1638.0,,7699.0,,31836.0,5016.0,
2011-09-30 11:00:00,15088.0,11104.0,1946.0,,10667.0,1666.0,,7772.0,,32906.0,5148.0,
2011-09-30 12:00:00,15017.0,11232.0,1946.0,,11046.0,1706.0,,7776.0,,33692.0,5223.0,
2011-09-30 13:00:00,15087.0,11214.0,1945.0,,11349.0,1713.0,,7746.0,,34109.0,5185.0,
2011-09-30 14:00:00,14918.0,11247.0,1934.0,,11573.0,1705.0,,7763.0,,34475.0,5162.0,
2011-09-30 15:00:00,14890.0,11270.0,1902.0,,11668.0,1685.0,,7640.0,,34509.0,5122.0,
2011-09-30 16:00:00,14673.0,11127.0,1850.0,,11669.0,1677.0,,7547.0,,34177.0,5031.0,
2011-09-30 17:00:00,14515.0,10950.0,1832.0,,11576.0,1740.0,,7351.0,,33796.0,5005.0,
2011-09-30 18:00:00,14496.0,10839.0,1798.0,,11246.0,1646.0,,7340.0,,33311.0,5003.0,
2011-09-30 19:00:00,14425.0,10734.0,1775.0,,10913.0,1651.0,,7332.0,,32891.0,5016.0,
2011-09-30 20:00:00,14737.0,11025.0,1833.0,,10915.0,1656.0,,7535.0,,33220.0,5159.0,
2011-09-30 21:00:00,14891.0,11305.0,1862.0,,10425.0,1628.0,,7537.0,,32024.0,5043.0,
2011-09-30 22:00:00,14583.0,11111.0,1810.0,,9745.0,1580.0,,7366.0,,30484.0,4869.0,
2011-09-30 23:00:00,13916.0,10746.0,1706.0,,9019.0,1485.0,,7000.0,,28274.0,4545.0,
2011-09-29 01:00:00,12577.0,9352.0,1519.0,,8661.0,1401.0,,6472.0,,28247.0,4331.0,
2011-09-29 02:00:00,12029.0,8807.0,1452.0,,8139.0,1352.0,,6237.0,,26765.0,4135.0,
2011-09-29 03:00:00,11787.0,8483.0,1411.0,,7863.0,1336.0,,6104.0,,25891.0,3996.0,
2011-09-29 04:00:00,11763.0,8272.0,1398.0,,7757.0,1329.0,,6033.0,,25458.0,3960.0,
2011-09-29 05:00:00,11866.0,8241.0,1434.0,,7910.0,1335.0,,6143.0,,25841.0,3959.0,
2011-09-29 06:00:00,12614.0,8399.0,1549.0,,8608.0,1417.0,,6484.0,,27690.0,4222.0,
2011-09-29 07:00:00,13997.0,9050.0,1768.0,,9785.0,1534.0,,7149.0,,31098.0,4718.0,
2011-09-29 08:00:00,14678.0,10168.0,1908.0,,10414.0,1629.0,,7453.0,,32987.0,4914.0,
2011-09-29 09:00:00,14856.0,10735.0,1920.0,,10505.0,1641.0,,7613.0,,34303.0,5165.0,
2011-09-29 10:00:00,15012.0,11095.0,1931.0,,11020.0,1663.0,,7816.0,,35580.0,5221.0,
2011-09-29 11:00:00,15199.0,11369.0,1963.0,,11475.0,1705.0,,8032.0,,36587.0,5338.0,
2011-09-29 12:00:00,15355.0,11585.0,1984.0,,11774.0,1719.0,,7943.0,,37259.0,5378.0,
2011-09-29 13:00:00,15480.0,11750.0,1995.0,,12176.0,1734.0,,7955.0,,37483.0,5422.0,
2011-09-29 14:00:00,15615.0,11814.0,2006.0,,12504.0,1735.0,,8021.0,,37556.0,5443.0,
2011-09-29 15:00:00,15549.0,11863.0,2005.0,,12651.0,1736.0,,7925.0,,37511.0,5391.0,
2011-09-29 16:00:00,15592.0,11670.0,1965.0,,12816.0,1716.0,,7852.0,,37233.0,5383.0,
2011-09-29 17:00:00,15546.0,11510.0,1937.0,,12863.0,1702.0,,7742.0,,36831.0,5374.0,
2011-09-29 18:00:00,15459.0,11431.0,1919.0,,12622.0,1675.0,,7643.0,,36264.0,5334.0,
2011-09-29 19:00:00,15221.0,11365.0,1936.0,,12097.0,1645.0,,7738.0,,35142.0,5279.0,
2011-09-29 20:00:00,15663.0,11465.0,1986.0,,12127.0,1668.0,,7979.0,,35748.0,5518.0,
2011-09-29 21:00:00,15869.0,11800.0,1975.0,,11736.0,1695.0,,8005.0,,34668.0,5486.0,
2011-09-29 22:00:00,15211.0,11497.0,1870.0,,10866.0,1640.0,,7668.0,,32585.0,5209.0,
2011-09-29 23:00:00,14191.0,11023.0,1724.0,,9757.0,1547.0,,7104.0,,29694.0,4838.0,
2011-09-30 00:00:00,13244.0,10150.0,1590.0,,8737.0,1451.0,,6624.0,,26963.0,4469.0,
2011-09-28 01:00:00,12523.0,9295.0,1503.0,,8754.0,1447.0,,6324.0,,28096.0,4313.0,
2011-09-28 02:00:00,12093.0,8822.0,1450.0,,8263.0,1381.0,,6087.0,,26740.0,4130.0,
2011-09-28 03:00:00,11735.0,8503.0,1406.0,,7970.0,1349.0,,5959.0,,25877.0,4038.0,
2011-09-28 04:00:00,11768.0,8275.0,1382.0,,7842.0,1341.0,,5900.0,,25507.0,3988.0,
2011-09-28 05:00:00,11751.0,8226.0,1410.0,,7951.0,1353.0,,6004.0,,25915.0,4092.0,
2011-09-28 06:00:00,12342.0,8388.0,1526.0,,8618.0,1420.0,,6331.0,,27938.0,4364.0,
2011-09-28 07:00:00,13968.0,8994.0,1751.0,,9849.0,1551.0,,7110.0,,31867.0,4882.0,
2011-09-28 08:00:00,14716.0,10169.0,1894.0,,10482.0,1613.0,,7592.0,,34174.0,5109.0,
2011-09-28 09:00:00,14743.0,10845.0,1914.0,,10715.0,1653.0,,7682.0,,35263.0,5196.0,
2011-09-28 10:00:00,15144.0,11191.0,1946.0,,11096.0,1701.0,,7867.0,,36037.0,5267.0,
2011-09-28 11:00:00,15367.0,11393.0,1981.0,,11677.0,1722.0,,8059.0,,36782.0,5316.0,
2011-09-28 12:00:00,15455.0,11575.0,1975.0,,12141.0,1763.0,,8132.0,,37433.0,5432.0,
2011-09-28 13:00:00,15468.0,11661.0,1984.0,,12739.0,1804.0,,8150.0,,37800.0,5489.0,
2011-09-28 14:00:00,15637.0,11625.0,1985.0,,13271.0,1838.0,,8180.0,,38532.0,5596.0,
2011-09-28 15:00:00,15625.0,11707.0,1968.0,,13603.0,1831.0,,8161.0,,38912.0,5681.0,
2011-09-28 16:00:00,15454.0,11569.0,1938.0,,13721.0,1799.0,,8067.0,,39031.0,5731.0,
2011-09-28 17:00:00,15378.0,11505.0,1926.0,,13758.0,1812.0,,7917.0,,39135.0,5796.0,
2011-09-28 18:00:00,15378.0,11392.0,1930.0,,13562.0,1800.0,,7793.0,,39057.0,5747.0,
2011-09-28 19:00:00,15292.0,11325.0,1905.0,,13016.0,1761.0,,7766.0,,38499.0,5693.0,
2011-09-28 20:00:00,15784.0,11522.0,1962.0,,13065.0,1809.0,,8010.0,,39329.0,5882.0,
2011-09-28 21:00:00,15835.0,11822.0,2003.0,,12562.0,1797.0,,8038.0,,38374.0,5847.0,
2011-09-28 22:00:00,15177.0,11545.0,1894.0,,11682.0,1722.0,,7664.0,,36301.0,5545.0,
2011-09-28 23:00:00,14247.0,11018.0,1759.0,,10551.0,1604.0,,7124.0,,33449.0,5073.0,
2011-09-29 00:00:00,13318.0,10177.0,1615.0,,9448.0,1480.0,,6572.0,,30592.0,4674.0,
2011-09-27 01:00:00,12650.0,9300.0,1508.0,,9134.0,1532.0,,6571.0,,28268.0,4504.0,
2011-09-27 02:00:00,12041.0,8776.0,1430.0,,8617.0,1463.0,,6333.0,,26605.0,4276.0,
2011-09-27 03:00:00,11839.0,8477.0,1393.0,,8299.0,1433.0,,6164.0,,25785.0,4155.0,
2011-09-27 04:00:00,11848.0,8263.0,1366.0,,8182.0,1387.0,,6016.0,,25447.0,4112.0,
2011-09-27 05:00:00,11998.0,8199.0,1398.0,,8300.0,1391.0,,5946.0,,25771.0,4187.0,
2011-09-27 06:00:00,12618.0,8369.0,1510.0,,8975.0,1461.0,,6319.0,,27764.0,4424.0,
2011-09-27 07:00:00,13924.0,9039.0,1747.0,,10249.0,1574.0,,7046.0,,31632.0,4942.0,
2011-09-27 08:00:00,14808.0,10255.0,1878.0,,10991.0,1652.0,,7435.0,,33692.0,5214.0,
2011-09-27 09:00:00,14930.0,10931.0,1887.0,,11105.0,1713.0,,7565.0,,34830.0,5310.0,
2011-09-27 10:00:00,15114.0,11208.0,1930.0,,11465.0,1756.0,,7748.0,,35812.0,5437.0,
2011-09-27 11:00:00,15385.0,11459.0,1973.0,,11681.0,1790.0,,7982.0,,36686.0,5496.0,
2011-09-27 12:00:00,15557.0,11596.0,1984.0,,12114.0,1809.0,,8093.0,,37620.0,5638.0,
2011-09-27 13:00:00,15692.0,11647.0,1997.0,,12508.0,1849.0,,8161.0,,38531.0,5673.0,
2011-09-27 14:00:00,15954.0,11615.0,1996.0,,12914.0,1892.0,,8211.0,,39503.0,5772.0,
2011-09-27 15:00:00,15996.0,11639.0,1979.0,,13060.0,1908.0,,8181.0,,40106.0,5785.0,
2011-09-27 16:00:00,15956.0,11553.0,1956.0,,13300.0,1932.0,,8116.0,,40243.0,5882.0,
2011-09-27 17:00:00,15975.0,11413.0,1928.0,,13337.0,1948.0,,8026.0,,40080.0,5932.0,
2011-09-27 18:00:00,15685.0,11308.0,1922.0,,13365.0,1945.0,,7883.0,,39574.0,5902.0,
2011-09-27 19:00:00,15578.0,11260.0,1916.0,,13084.0,1873.0,,7760.0,,39131.0,5834.0,
2011-09-27 20:00:00,15976.0,11449.0,1956.0,,13224.0,1892.0,,8068.0,,39794.0,5988.0,
2011-09-27 21:00:00,16120.0,11779.0,1996.0,,12751.0,1880.0,,8121.0,,38711.0,5884.0,
2011-09-27 22:00:00,15521.0,11522.0,1903.0,,11803.0,1788.0,,7784.0,,36649.0,5573.0,
2011-09-27 23:00:00,14526.0,10968.0,1751.0,,10638.0,1655.0,,7216.0,,33454.0,5113.0,
2011-09-28 00:00:00,13395.0,10119.0,1609.0,,9569.0,1545.0,,6688.0,,30392.0,4668.0,
2011-09-26 01:00:00,12376.0,8581.0,1449.0,,8403.0,1471.0,,6070.0,,26912.0,4226.0,
2011-09-26 02:00:00,11975.0,8192.0,1405.0,,8021.0,1425.0,,5898.0,,25545.0,4039.0,
2011-09-26 03:00:00,11766.0,8007.0,1385.0,,7801.0,1388.0,,5760.0,,24811.0,3996.0,
2011-09-26 04:00:00,11617.0,7935.0,1390.0,,7752.0,1351.0,,5731.0,,24589.0,3938.0,
2011-09-26 05:00:00,11733.0,7931.0,1427.0,,7950.0,1398.0,,5817.0,,25128.0,3998.0,
2011-09-26 06:00:00,12512.0,8205.0,1536.0,,8610.0,1473.0,,6226.0,,27180.0,4302.0,
2011-09-26 07:00:00,13930.0,8897.0,1779.0,,9920.0,1639.0,,7137.0,,30989.0,4837.0,
2011-09-26 08:00:00,14876.0,10070.0,1961.0,,10497.0,1715.0,,7658.0,,32933.0,5086.0,
2011-09-26 09:00:00,15275.0,10824.0,2009.0,,10744.0,1760.0,,7925.0,,34260.0,5300.0,
2011-09-26 10:00:00,15634.0,11113.0,2021.0,,11128.0,1841.0,,8100.0,,35597.0,5448.0,
2011-09-26 11:00:00,15869.0,11314.0,2053.0,,11562.0,1907.0,,8280.0,,37010.0,5589.0,
2011-09-26 12:00:00,16169.0,11553.0,2057.0,,12064.0,1983.0,,8453.0,,38226.0,5820.0,
2011-09-26 13:00:00,16344.0,11576.0,2062.0,,12527.0,2075.0,,8487.0,,39183.0,6040.0,
2011-09-26 14:00:00,16408.0,11590.0,2061.0,,12888.0,2108.0,,8613.0,,39966.0,6119.0,
2011-09-26 15:00:00,16262.0,11610.0,2065.0,,13261.0,2091.0,,8527.0,,40450.0,6220.0,
2011-09-26 16:00:00,16137.0,11535.0,2035.0,,13489.0,2143.0,,8452.0,,40817.0,6249.0,
2011-09-26 17:00:00,15986.0,11362.0,2019.0,,13629.0,2126.0,,8423.0,,41233.0,6266.0,
2011-09-26 18:00:00,15706.0,11293.0,2001.0,,13557.0,2113.0,,8250.0,,40982.0,6251.0,
2011-09-26 19:00:00,15602.0,11254.0,1951.0,,13246.0,2079.0,,8141.0,,40236.0,6208.0,
2011-09-26 20:00:00,15966.0,11404.0,1970.0,,13506.0,2098.0,,8270.0,,41129.0,6322.0,
2011-09-26 21:00:00,16091.0,11765.0,2018.0,,13176.0,2068.0,,8288.0,,39951.0,6211.0,
2011-09-26 22:00:00,15480.0,11515.0,1894.0,,12208.0,1967.0,,7806.0,,37338.0,5744.0,
2011-09-26 23:00:00,14658.0,10971.0,1760.0,,11119.0,1833.0,,7286.0,,33992.0,5328.0,
2011-09-27 00:00:00,13502.0,10107.0,1607.0,,9933.0,1657.0,,6881.0,,30772.0,4879.0,
2011-09-25 01:00:00,11573.0,8712.0,1350.0,,8549.0,1338.0,,5521.0,,26309.0,3870.0,
2011-09-25 02:00:00,11214.0,8183.0,1289.0,,8044.0,1285.0,,5300.0,,24854.0,3697.0,
2011-09-25 03:00:00,10990.0,7925.0,1240.0,,7807.0,1250.0,,5173.0,,24007.0,3566.0,
2011-09-25 04:00:00,10815.0,7682.0,1221.0,,7606.0,1243.0,,5050.0,,23463.0,3526.0,
2011-09-25 05:00:00,10790.0,7575.0,1213.0,,7528.0,1240.0,,5047.0,,23261.0,3515.0,
2011-09-25 06:00:00,10881.0,7527.0,1232.0,,7571.0,1263.0,,5111.0,,23476.0,3571.0,
2011-09-25 07:00:00,10969.0,7630.0,1284.0,,7811.0,1290.0,,5309.0,,24129.0,3728.0,
2011-09-25 08:00:00,11398.0,7797.0,1344.0,,8171.0,1315.0,,5418.0,,24883.0,3809.0,
2011-09-25 09:00:00,11948.0,7960.0,1409.0,,8895.0,1371.0,,5717.0,,26780.0,4069.0,
2011-09-25 10:00:00,12381.0,8391.0,1486.0,,9614.0,1433.0,,6010.0,,28961.0,4379.0,
2011-09-25 11:00:00,12887.0,8786.0,1539.0,,10168.0,1520.0,,6259.0,,30853.0,4630.0,
2011-09-25 12:00:00,13264.0,9041.0,1585.0,,10402.0,1582.0,,6373.0,,32630.0,4836.0,
2011-09-25 13:00:00,13670.0,9211.0,1617.0,,10714.0,1656.0,,6592.0,,33893.0,4970.0,
2011-09-25 14:00:00,13800.0,9222.0,1625.0,,10938.0,1703.0,,6733.0,,34657.0,5054.0,
2011-09-25 15:00:00,13911.0,9284.0,1640.0,,10978.0,1710.0,,6741.0,,34797.0,5193.0,
2011-09-25 16:00:00,14028.0,9233.0,1648.0,,11085.0,1749.0,,6791.0,,34801.0,5250.0,
2011-09-25 17:00:00,14176.0,9221.0,1647.0,,11242.0,1800.0,,6906.0,,35053.0,5360.0,
2011-09-25 18:00:00,14409.0,9241.0,1675.0,,11396.0,1824.0,,6972.0,,35354.0,5436.0,
2011-09-25 19:00:00,14494.0,9312.0,1682.0,,11480.0,1800.0,,6995.0,,35533.0,5407.0,
2011-09-25 20:00:00,14826.0,9594.0,1753.0,,11941.0,1842.0,,7375.0,,36876.0,5663.0,
2011-09-25 21:00:00,15134.0,10235.0,1801.0,,11690.0,1857.0,,7483.0,,36330.0,5556.0,
2011-09-25 22:00:00,14594.0,10073.0,1719.0,,11011.0,1786.0,,7199.0,,34386.0,5261.0,
2011-09-25 23:00:00,13802.0,9716.0,1615.0,,10098.0,1688.0,,6813.0,,31858.0,4918.0,
2011-09-26 00:00:00,13082.0,9142.0,1527.0,,9125.0,1575.0,,6369.0,,29182.0,4484.0,
2011-09-24 01:00:00,12133.0,9181.0,1441.0,,8556.0,1397.0,,6016.0,,27414.0,4107.0,
2011-09-24 02:00:00,11689.0,8609.0,1361.0,,8071.0,1323.0,,5744.0,,25972.0,3875.0,
2011-09-24 03:00:00,11318.0,8252.0,1324.0,,7758.0,1295.0,,5517.0,,25012.0,3772.0,
2011-09-24 04:00:00,11187.0,8019.0,1309.0,,7624.0,1285.0,,5474.0,,24445.0,3684.0,
2011-09-24 05:00:00,11194.0,7871.0,1309.0,,7591.0,1291.0,,5463.0,,24233.0,3660.0,
2011-09-24 06:00:00,11255.0,7938.0,1367.0,,7746.0,1302.0,,5582.0,,24654.0,3747.0,
2011-09-24 07:00:00,11708.0,8134.0,1452.0,,8095.0,1350.0,,5810.0,,25634.0,3883.0,
2011-09-24 08:00:00,12284.0,8546.0,1532.0,,8489.0,1384.0,,6073.0,,26852.0,4055.0,
2011-09-24 09:00:00,12916.0,8740.0,1603.0,,9167.0,1436.0,,6350.0,,28878.0,4307.0,
2011-09-24 10:00:00,13378.0,9228.0,1689.0,,9816.0,1500.0,,6637.0,,30744.0,4606.0,
2011-09-24 11:00:00,13729.0,9580.0,1717.0,,10277.0,1559.0,,6805.0,,31974.0,4771.0,
2011-09-24 12:00:00,14120.0,9804.0,1728.0,,10489.0,1588.0,,6849.0,,32668.0,4847.0,
2011-09-24 13:00:00,14732.0,9865.0,1717.0,,10635.0,1608.0,,6800.0,,32899.0,4898.0,
2011-09-24 14:00:00,13668.0,9740.0,1697.0,,10620.0,1606.0,,6771.0,,32986.0,4918.0,
2011-09-24 15:00:00,13667.0,9639.0,1671.0,,10588.0,1606.0,,6693.0,,33121.0,4939.0,
2011-09-24 16:00:00,13593.0,9526.0,1651.0,,10570.0,1605.0,,6702.0,,33177.0,4908.0,
2011-09-24 17:00:00,13649.0,9461.0,1648.0,,10681.0,1615.0,,6665.0,,33184.0,4917.0,
2011-09-24 18:00:00,13587.0,9451.0,1639.0,,10735.0,1612.0,,6660.0,,33166.0,4911.0,
2011-09-24 19:00:00,13320.0,9449.0,1628.0,,10735.0,1586.0,,6530.0,,33159.0,4891.0,
2011-09-24 20:00:00,13751.0,9613.0,1665.0,,11088.0,1637.0,,6689.0,,34196.0,5027.0,
2011-09-24 21:00:00,14020.0,10093.0,1710.0,,11000.0,1660.0,,6863.0,,33845.0,5031.0,
2011-09-24 22:00:00,13577.0,10023.0,1664.0,,10588.0,1601.0,,6618.0,,32534.0,4784.0,
2011-09-24 23:00:00,12902.0,9755.0,1567.0,,9909.0,1525.0,,6261.0,,30550.0,4507.0,
2011-09-25 00:00:00,12239.0,9230.0,1449.0,,9193.0,1422.0,,5855.0,,28368.0,4149.0,
2011-09-23 01:00:00,12999.0,9294.0,1557.0,,8927.0,1527.0,,6554.0,,28103.0,4380.0,
2011-09-23 02:00:00,12345.0,8760.0,1487.0,,8455.0,1458.0,,6353.0,,26706.0,4169.0,
2011-09-23 03:00:00,12147.0,8435.0,1437.0,,8131.0,1416.0,,6177.0,,25818.0,4064.0,
2011-09-23 04:00:00,12024.0,8187.0,1406.0,,8066.0,1402.0,,6112.0,,25412.0,4017.0,
2011-09-23 05:00:00,12118.0,8131.0,1426.0,,8237.0,1438.0,,6179.0,,25763.0,4045.0,
2011-09-23 06:00:00,12693.0,8287.0,1532.0,,8901.0,1509.0,,6473.0,,27667.0,4272.0,
2011-09-23 07:00:00,13918.0,8875.0,1733.0,,10110.0,1643.0,,7076.0,,31343.0,4785.0,
2011-09-23 08:00:00,14821.0,9935.0,1884.0,,10797.0,1727.0,,7604.0,,33726.0,5129.0,
2011-09-23 09:00:00,15062.0,10535.0,1905.0,,11079.0,1814.0,,7761.0,,34945.0,5203.0,
2011-09-23 10:00:00,15230.0,10811.0,1933.0,,11345.0,1842.0,,7928.0,,35960.0,5349.0,
2011-09-23 11:00:00,15442.0,11014.0,1968.0,,11599.0,1895.0,,8115.0,,36634.0,5464.0,
2011-09-23 12:00:00,15449.0,11198.0,1965.0,,11751.0,1953.0,,8076.0,,36907.0,5541.0,
2011-09-23 13:00:00,15411.0,11243.0,1965.0,,11871.0,1935.0,,8077.0,,36835.0,5527.0,
2011-09-23 14:00:00,15323.0,11295.0,1889.0,,11919.0,1936.0,,8029.0,,36734.0,5477.0,
2011-09-23 15:00:00,15121.0,11336.0,1911.0,,11747.0,1926.0,,7936.0,,36421.0,5444.0,
2011-09-23 16:00:00,14993.0,11222.0,1875.0,,11684.0,1910.0,,7777.0,,36241.0,5373.0,
2011-09-23 17:00:00,15062.0,11017.0,1861.0,,11651.0,1825.0,,7607.0,,36286.0,5346.0,
2011-09-23 18:00:00,14849.0,10857.0,1819.0,,11572.0,1763.0,,7467.0,,36245.0,5312.0,
2011-09-23 19:00:00,14538.0,10742.0,1776.0,,11356.0,1728.0,,7337.0,,35981.0,5255.0,
2011-09-23 20:00:00,14645.0,10894.0,1783.0,,11487.0,1734.0,,7490.0,,36260.0,5349.0,
2011-09-23 21:00:00,14796.0,11205.0,1851.0,,11349.0,1703.0,,7489.0,,35454.0,5296.0,
2011-09-23 22:00:00,14565.0,10936.0,1787.0,,10748.0,1654.0,,7313.0,,34095.0,5072.0,
2011-09-23 23:00:00,13860.0,10571.0,1685.0,,10057.0,1568.0,,6847.0,,31931.0,4772.0,
2011-09-24 00:00:00,13002.0,9875.0,1558.0,,9266.0,1462.0,,6397.0,,29528.0,4417.0,
2011-09-22 01:00:00,12883.0,9397.0,1652.0,,8615.0,1501.0,,6714.0,,26320.0,4462.0,
2011-09-22 02:00:00,12443.0,8865.0,1558.0,,8201.0,1467.0,,6304.0,,25050.0,4202.0,
2011-09-22 03:00:00,12067.0,8511.0,1496.0,,8032.0,1415.0,,6159.0,,24325.0,4102.0,
2011-09-22 04:00:00,11974.0,8284.0,1474.0,,7902.0,1415.0,,6047.0,,24060.0,4012.0,
2011-09-22 05:00:00,12052.0,8245.0,1477.0,,8066.0,1440.0,,6126.0,,24532.0,4065.0,
2011-09-22 06:00:00,12726.0,8392.0,1572.0,,8731.0,1529.0,,6446.0,,26565.0,4373.0,
2011-09-22 07:00:00,14234.0,8971.0,1805.0,,9970.0,1666.0,,7188.0,,30394.0,4911.0,
2011-09-22 08:00:00,15005.0,10037.0,1917.0,,10669.0,1780.0,,7567.0,,32571.0,5197.0,
2011-09-22 09:00:00,15148.0,10596.0,1939.0,,11004.0,1822.0,,7790.0,,33820.0,5256.0,
2011-09-22 10:00:00,15396.0,11001.0,2008.0,,11331.0,1876.0,,8006.0,,34855.0,5445.0,
2011-09-22 11:00:00,15874.0,11290.0,2073.0,,11792.0,1945.0,,8224.0,,35897.0,5648.0,
2011-09-22 12:00:00,16129.0,11503.0,2087.0,,12165.0,1985.0,,8313.0,,36691.0,5747.0,
2011-09-22 13:00:00,16309.0,11534.0,2110.0,,12566.0,2032.0,,8436.0,,37545.0,5824.0,
2011-09-22 14:00:00,16567.0,11510.0,2118.0,,12845.0,2073.0,,8560.0,,38277.0,5915.0,
2011-09-22 15:00:00,16723.0,11551.0,2104.0,,13068.0,2074.0,,8548.0,,38576.0,5888.0,
2011-09-22 16:00:00,16553.0,11478.0,2059.0,,13021.0,2081.0,,8500.0,,38584.0,5903.0,
2011-09-22 17:00:00,16620.0,11368.0,2043.0,,12982.0,2079.0,,8346.0,,38945.0,5977.0,
2011-09-22 18:00:00,16390.0,11273.0,2021.0,,12869.0,2031.0,,8173.0,,38530.0,5912.0,
2011-09-22 19:00:00,16041.0,11086.0,1974.0,,12601.0,1966.0,,7950.0,,38210.0,5865.0,
2011-09-22 20:00:00,16245.0,11123.0,2010.0,,12904.0,1942.0,,8179.0,,39269.0,6025.0,
2011-09-22 21:00:00,16499.0,11649.0,2070.0,,12668.0,1941.0,,8288.0,,38639.0,6005.0,
2011-09-22 22:00:00,16088.0,11456.0,1982.0,,11876.0,1897.0,,7890.0,,36663.0,5668.0,
2011-09-22 23:00:00,14848.0,10936.0,1834.0,,10726.0,1731.0,,7310.0,,33612.0,5189.0,
2011-09-23 00:00:00,13823.0,10079.0,1679.0,,9793.0,1618.0,,6844.0,,30646.0,4718.0,
2011-09-21 01:00:00,12792.0,9723.0,1634.0,,8129.0,1405.0,,6590.0,,24511.0,4201.0,
2011-09-21 02:00:00,12387.0,9154.0,1564.0,,7751.0,1377.0,,6245.0,,23362.0,4122.0,
2011-09-21 03:00:00,12080.0,8753.0,1504.0,,7495.0,1370.0,,6065.0,,22766.0,3954.0,
2011-09-21 04:00:00,11834.0,8547.0,1490.0,,7471.0,1349.0,,6005.0,,22516.0,3968.0,
2011-09-21 05:00:00,12030.0,8433.0,1515.0,,7621.0,1361.0,,6099.0,,22962.0,4044.0,
2011-09-21 06:00:00,12698.0,8584.0,1636.0,,8282.0,1449.0,,6501.0,,24910.0,4276.0,
2011-09-21 07:00:00,14240.0,9206.0,1869.0,,9490.0,1564.0,,7267.0,,28551.0,4798.0,
2011-09-21 08:00:00,14999.0,10358.0,2029.0,,10103.0,1652.0,,7661.0,,30586.0,5065.0,
2011-09-21 09:00:00,15236.0,10989.0,2054.0,,10277.0,1702.0,,7840.0,,31537.0,5152.0,
2011-09-21 10:00:00,15454.0,11379.0,2097.0,,10474.0,1769.0,,8104.0,,32442.0,5208.0,
2011-09-21 11:00:00,15928.0,11683.0,2139.0,,10832.0,1841.0,,8331.0,,33304.0,5320.0,
2011-09-21 12:00:00,16091.0,11953.0,2144.0,,11136.0,1850.0,,8396.0,,33838.0,5462.0,
2011-09-21 13:00:00,16199.0,12100.0,2150.0,,11424.0,1926.0,,8502.0,,34090.0,5592.0,
2011-09-21 14:00:00,16382.0,12202.0,2163.0,,11664.0,1973.0,,8577.0,,34506.0,5674.0,
2011-09-21 15:00:00,16400.0,12307.0,2164.0,,11934.0,2006.0,,8615.0,,34522.0,5675.0,
2011-09-21 16:00:00,16351.0,12239.0,2133.0,,11952.0,2006.0,,8568.0,,34432.0,5667.0,
2011-09-21 17:00:00,16303.0,12130.0,2145.0,,12022.0,2009.0,,8478.0,,34516.0,5662.0,
2011-09-21 18:00:00,16114.0,11941.0,2126.0,,12032.0,2001.0,,8280.0,,34532.0,5678.0,
2011-09-21 19:00:00,16061.0,11654.0,2103.0,,11950.0,1972.0,,8174.0,,34456.0,5677.0,
2011-09-21 20:00:00,16217.0,11523.0,2104.0,,12178.0,1952.0,,8272.0,,35657.0,5787.0,
2011-09-21 21:00:00,16570.0,11987.0,2175.0,,11961.0,1926.0,,8498.0,,35093.0,5838.0,
2011-09-21 22:00:00,16074.0,11733.0,2084.0,,11228.0,1862.0,,8181.0,,33394.0,5556.0,
2011-09-21 23:00:00,15060.0,11153.0,1920.0,,10307.0,1725.0,,7547.0,,30770.0,5102.0,
2011-09-22 00:00:00,13944.0,10259.0,1769.0,,9333.0,1613.0,,6978.0,,28087.0,4711.0,
2011-09-20 01:00:00,12754.0,9425.0,1584.0,,7669.0,1368.0,,6405.0,,23780.0,4095.0,
2011-09-20 02:00:00,12233.0,8855.0,1524.0,,7319.0,1302.0,,6181.0,,22765.0,3974.0,
2011-09-20 03:00:00,11991.0,8513.0,1468.0,,7111.0,1299.0,,6082.0,,22219.0,3880.0,
2011-09-20 04:00:00,11756.0,8290.0,1458.0,,7090.0,1311.0,,6000.0,,22031.0,3853.0,
2011-09-20 05:00:00,12060.0,8209.0,1473.0,,7232.0,1338.0,,6080.0,,22515.0,3926.0,
2011-09-20 06:00:00,12613.0,8380.0,1586.0,,7813.0,1404.0,,6479.0,,24411.0,4221.0,
2011-09-20 07:00:00,14071.0,9004.0,1809.0,,9085.0,1556.0,,7252.0,,28075.0,4724.0,
2011-09-20 08:00:00,14871.0,10084.0,1946.0,,9632.0,1671.0,,7681.0,,30284.0,5006.0,
2011-09-20 09:00:00,15114.0,10679.0,1971.0,,9842.0,1698.0,,7842.0,,31128.0,5101.0,
2011-09-20 10:00:00,15291.0,11161.0,2030.0,,10110.0,1744.0,,8056.0,,31830.0,5180.0,
2011-09-20 11:00:00,15539.0,11515.0,2065.0,,10383.0,1794.0,,8237.0,,32412.0,5265.0,
2011-09-20 12:00:00,15646.0,11865.0,2085.0,,10535.0,1819.0,,8266.0,,32729.0,5315.0,
2011-09-20 13:00:00,15834.0,12069.0,2110.0,,10717.0,1832.0,,8379.0,,32834.0,5372.0,
2011-09-20 14:00:00,15957.0,12178.0,2128.0,,10855.0,1859.0,,8412.0,,32966.0,5320.0,
2011-09-20 15:00:00,15944.0,12319.0,2155.0,,10997.0,1872.0,,8409.0,,32891.0,5372.0,
2011-09-20 16:00:00,16014.0,12353.0,2137.0,,11079.0,1858.0,,8349.0,,32809.0,5317.0,
2011-09-20 17:00:00,16155.0,12313.0,2118.0,,11121.0,1847.0,,8262.0,,32912.0,5342.0,
2011-09-20 18:00:00,16095.0,12214.0,2095.0,,11221.0,1813.0,,8155.0,,32909.0,5374.0,
2011-09-20 19:00:00,15887.0,11980.0,2070.0,,11113.0,1783.0,,8011.0,,32598.0,5382.0,
2011-09-20 20:00:00,15985.0,11771.0,2087.0,,11440.0,1821.0,,8147.0,,33771.0,5617.0,
2011-09-20 21:00:00,16451.0,12264.0,2166.0,,11362.0,1846.0,,8398.0,,33568.0,5623.0,
2011-09-20 22:00:00,15903.0,12077.0,2068.0,,10599.0,1754.0,,8081.0,,31678.0,5352.0,
2011-09-20 23:00:00,14846.0,11464.0,1904.0,,9654.0,1643.0,,7449.0,,28967.0,4861.0,
2011-09-21 00:00:00,13633.0,10567.0,1737.0,,8705.0,1509.0,,6884.0,,26395.0,4471.0,
2011-09-19 01:00:00,11881.0,8809.0,1464.0,,7278.0,1325.0,,5831.0,,22506.0,3869.0,
2011-09-19 02:00:00,11461.0,8468.0,1424.0,,6989.0,1271.0,,5571.0,,21511.0,3724.0,
2011-09-19 03:00:00,11440.0,8208.0,1396.0,,6808.0,1264.0,,5525.0,,21108.0,3633.0,
2011-09-19 04:00:00,11334.0,8163.0,1387.0,,6811.0,1234.0,,5533.0,,20972.0,3691.0,
2011-09-19 05:00:00,11603.0,8122.0,1427.0,,7013.0,1275.0,,5665.0,,21528.0,3819.0,
2011-09-19 06:00:00,12393.0,8368.0,1545.0,,7607.0,1351.0,,6106.0,,23443.0,4086.0,
2011-09-19 07:00:00,13838.0,9027.0,1787.0,,8749.0,1490.0,,6932.0,,26799.0,4635.0,
2011-09-19 08:00:00,14687.0,10316.0,1949.0,,9261.0,1523.0,,7405.0,,28650.0,4871.0,
2011-09-19 09:00:00,14905.0,11165.0,1978.0,,9437.0,1590.0,,7566.0,,29630.0,4930.0,
2011-09-19 10:00:00,15234.0,11599.0,2029.0,,9660.0,1613.0,,7825.0,,30357.0,4998.0,
2011-09-19 11:00:00,15498.0,11793.0,2082.0,,9941.0,1701.0,,7997.0,,31004.0,5089.0,
2011-09-19 12:00:00,15474.0,12002.0,2102.0,,10142.0,1721.0,,8047.0,,31438.0,5133.0,
2011-09-19 13:00:00,15638.0,12072.0,2121.0,,10260.0,1726.0,,8060.0,,31629.0,5137.0,
2011-09-19 14:00:00,15670.0,12055.0,2106.0,,10375.0,1746.0,,8075.0,,31827.0,5094.0,
2011-09-19 15:00:00,15613.0,12087.0,2086.0,,10418.0,1734.0,,8021.0,,31725.0,5093.0,
2011-09-19 16:00:00,15513.0,11999.0,2043.0,,10386.0,1748.0,,7928.0,,31626.0,5093.0,
2011-09-19 17:00:00,15367.0,11859.0,2023.0,,10386.0,1742.0,,7879.0,,31647.0,5128.0,
2011-09-19 18:00:00,15359.0,11772.0,2020.0,,10518.0,1734.0,,7888.0,,31561.0,5153.0,
2011-09-19 19:00:00,15428.0,11608.0,2008.0,,10461.0,1737.0,,7879.0,,31549.0,5214.0,
2011-09-19 20:00:00,15835.0,11447.0,2036.0,,10907.0,1732.0,,8016.0,,32878.0,5448.0,
2011-09-19 21:00:00,15962.0,11958.0,2063.0,,10828.0,1696.0,,8148.0,,32421.0,5461.0,
2011-09-19 22:00:00,15332.0,11751.0,1964.0,,10065.0,1658.0,,7756.0,,30541.0,5141.0,
2011-09-19 23:00:00,14408.0,11164.0,1829.0,,9196.0,1548.0,,7244.0,,28030.0,4788.0,
2011-09-20 00:00:00,13453.0,10270.0,1680.0,,8283.0,1439.0,,6723.0,,25554.0,4363.0,
2011-09-18 01:00:00,11325.0,8712.0,1335.0,,7194.0,1279.0,,5517.0,,22381.0,3629.0,
2011-09-18 02:00:00,10972.0,8263.0,1261.0,,6958.0,1229.0,,5300.0,,21428.0,3492.0,
2011-09-18 03:00:00,10799.0,7921.0,1232.0,,6755.0,1209.0,,5107.0,,20786.0,3411.0,
2011-09-18 04:00:00,10660.0,7718.0,1207.0,,6637.0,1188.0,,5047.0,,20487.0,3354.0,
2011-09-18 05:00:00,10677.0,7582.0,1200.0,,6631.0,1186.0,,5052.0,,20398.0,3347.0,
2011-09-18 06:00:00,10711.0,7523.0,1222.0,,6752.0,1207.0,,5078.0,,20653.0,3434.0,
2011-09-18 07:00:00,11040.0,7651.0,1262.0,,7016.0,1234.0,,5262.0,,21247.0,3568.0,
2011-09-18 08:00:00,11324.0,7834.0,1299.0,,7367.0,1239.0,,5343.0,,22032.0,3709.0,
2011-09-18 09:00:00,11787.0,7977.0,1385.0,,7950.0,1295.0,,5618.0,,23699.0,3946.0,
2011-09-18 10:00:00,12308.0,8416.0,1465.0,,8454.0,1367.0,,5935.0,,25016.0,4089.0,
2011-09-18 11:00:00,12661.0,8769.0,1526.0,,8670.0,1412.0,,6137.0,,25801.0,4190.0,
2011-09-18 12:00:00,12785.0,9063.0,1561.0,,8808.0,1446.0,,6224.0,,26340.0,4248.0,
2011-09-18 13:00:00,12999.0,9258.0,1592.0,,8804.0,1478.0,,6352.0,,26622.0,4285.0,
2011-09-18 14:00:00,13117.0,9355.0,1593.0,,8862.0,1488.0,,6291.0,,26600.0,4265.0,
2011-09-18 15:00:00,13156.0,9391.0,1587.0,,8886.0,1483.0,,6271.0,,26515.0,4245.0,
2011-09-18 16:00:00,13085.0,9440.0,1589.0,,8834.0,1479.0,,6385.0,,26391.0,4277.0,
2011-09-18 17:00:00,13274.0,9490.0,1615.0,,8953.0,1509.0,,6495.0,,27087.0,4354.0,
2011-09-18 18:00:00,13437.0,9573.0,1641.0,,9101.0,1502.0,,6503.0,,27327.0,4425.0,
2011-09-18 19:00:00,13608.0,9730.0,1642.0,,9305.0,1507.0,,6582.0,,27658.0,4456.0,
2011-09-18 20:00:00,14011.0,10022.0,1711.0,,9826.0,1544.0,,6815.0,,29301.0,4693.0,
2011-09-18 21:00:00,14542.0,10448.0,1784.0,,9832.0,1619.0,,7144.0,,29517.0,4792.0,
2011-09-18 22:00:00,13858.0,10322.0,1724.0,,9277.0,1558.0,,6892.0,,28123.0,4593.0,
2011-09-18 23:00:00,13150.0,9963.0,1639.0,,8551.0,1485.0,,6474.0,,26149.0,4298.0,
2011-09-19 00:00:00,12410.0,9428.0,1511.0,,7792.0,1388.0,,6080.0,,24119.0,4029.0,
2011-09-17 01:00:00,11924.0,9223.0,1438.0,,7327.0,1318.0,,5934.0,,23192.0,3889.0,
2011-09-17 02:00:00,11512.0,8622.0,1351.0,,7007.0,1264.0,,5724.0,,22073.0,3727.0,
2011-09-17 03:00:00,11251.0,8320.0,1319.0,,6769.0,1227.0,,5672.0,,21503.0,3616.0,
2011-09-17 04:00:00,10992.0,8061.0,1307.0,,6681.0,1212.0,,5631.0,,21092.0,3610.0,
2011-09-17 05:00:00,10980.0,7976.0,1305.0,,6663.0,1215.0,,5651.0,,21087.0,3626.0,
2011-09-17 06:00:00,11468.0,7987.0,1353.0,,6855.0,1244.0,,5820.0,,21613.0,3704.0,
2011-09-17 07:00:00,11757.0,8213.0,1446.0,,7254.0,1301.0,,5949.0,,22577.0,3883.0,
2011-09-17 08:00:00,12356.0,8537.0,1506.0,,7677.0,1308.0,,5959.0,,23685.0,4051.0,
2011-09-17 09:00:00,12878.0,8765.0,1585.0,,8266.0,1366.0,,6375.0,,25392.0,4302.0,
2011-09-17 10:00:00,13154.0,9280.0,1646.0,,8757.0,1436.0,,6618.0,,26748.0,4477.0,
2011-09-17 11:00:00,13402.0,9620.0,1668.0,,8999.0,1484.0,,6736.0,,27489.0,4567.0,
2011-09-17 12:00:00,13506.0,9878.0,1680.0,,8999.0,1489.0,,6744.0,,27664.0,4559.0,
2011-09-17 13:00:00,13344.0,9941.0,1674.0,,9027.0,1496.0,,6694.0,,27663.0,4462.0,
2011-09-17 14:00:00,13158.0,9863.0,1665.0,,8898.0,1487.0,,6622.0,,27440.0,4416.0,
2011-09-17 15:00:00,13138.0,9815.0,1645.0,,8780.0,1485.0,,6565.0,,27100.0,4360.0,
2011-09-17 16:00:00,13095.0,9727.0,1635.0,,8738.0,1486.0,,6495.0,,26943.0,4316.0,
2011-09-17 17:00:00,13042.0,9738.0,1643.0,,8758.0,1452.0,,6456.0,,26908.0,4337.0,
2011-09-17 18:00:00,13149.0,9647.0,1636.0,,8769.0,1457.0,,6468.0,,26925.0,4298.0,
2011-09-17 19:00:00,13142.0,9552.0,1623.0,,8846.0,1436.0,,6429.0,,27020.0,4290.0,
2011-09-17 20:00:00,13378.0,9580.0,1631.0,,9266.0,1500.0,,6527.0,,28267.0,4501.0,
2011-09-17 21:00:00,13747.0,10152.0,1695.0,,9246.0,1538.0,,6812.0,,28439.0,4582.0,
2011-09-17 22:00:00,13424.0,10151.0,1648.0,,8906.0,1486.0,,6560.0,,27418.0,4433.0,
2011-09-17 23:00:00,12803.0,9817.0,1543.0,,8374.0,1406.0,,6239.0,,25739.0,4151.0,
2011-09-18 00:00:00,12080.0,9289.0,1433.0,,7788.0,1340.0,,5827.0,,23954.0,3844.0,
2011-09-16 01:00:00,12215.0,9233.0,1484.0,,7630.0,1372.0,,6131.0,,23530.0,4132.0,
2011-09-16 02:00:00,11747.0,8760.0,1423.0,,7249.0,1306.0,,6083.0,,22504.0,3961.0,
2011-09-16 03:00:00,11557.0,8437.0,1393.0,,7071.0,1294.0,,5904.0,,21901.0,3871.0,
2011-09-16 04:00:00,11452.0,8224.0,1363.0,,6896.0,1248.0,,5963.0,,21713.0,3866.0,
2011-09-16 05:00:00,11748.0,8139.0,1412.0,,7022.0,1267.0,,6112.0,,22044.0,3944.0,
2011-09-16 06:00:00,12473.0,8338.0,1514.0,,7514.0,1351.0,,6442.0,,23735.0,4211.0,
2011-09-16 07:00:00,13940.0,8957.0,1734.0,,8644.0,1525.0,,7028.0,,26860.0,4740.0,
2011-09-16 08:00:00,14557.0,10023.0,1864.0,,9067.0,1562.0,,7289.0,,28479.0,4933.0,
2011-09-16 09:00:00,14635.0,10667.0,1880.0,,9254.0,1632.0,,7535.0,,29274.0,4962.0,
2011-09-16 10:00:00,14789.0,11021.0,1909.0,,9408.0,1663.0,,7643.0,,29951.0,5015.0,
2011-09-16 11:00:00,14863.0,11241.0,1939.0,,9589.0,1697.0,,7753.0,,30350.0,5025.0,
2011-09-16 12:00:00,14806.0,11359.0,1941.0,,9620.0,1710.0,,7753.0,,30603.0,4993.0,
2011-09-16 13:00:00,14834.0,11417.0,1929.0,,9546.0,1704.0,,7575.0,,30619.0,4915.0,
2011-09-16 14:00:00,14674.0,11359.0,1936.0,,9536.0,1727.0,,7478.0,,30665.0,4889.0,
2011-09-16 15:00:00,14558.0,11311.0,1900.0,,9481.0,1718.0,,7340.0,,30556.0,4803.0,
2011-09-16 16:00:00,14253.0,11208.0,1844.0,,9462.0,1670.0,,7268.0,,30453.0,4729.0,
2011-09-16 17:00:00,14092.0,11058.0,1812.0,,9384.0,1651.0,,7265.0,,30223.0,4683.0,
2011-09-16 18:00:00,13884.0,10941.0,1781.0,,9336.0,1655.0,,7170.0,,29880.0,4672.0,
2011-09-16 19:00:00,13828.0,10804.0,1750.0,,9244.0,1573.0,,7017.0,,29467.0,4646.0,
2011-09-16 20:00:00,13937.0,10828.0,1764.0,,9562.0,1615.0,,7146.0,,30445.0,4810.0,
2011-09-16 21:00:00,14413.0,11216.0,1829.0,,9504.0,1617.0,,7385.0,,30237.0,4861.0,
2011-09-16 22:00:00,14195.0,11031.0,1772.0,,9128.0,1566.0,,7187.0,,29017.0,4709.0,
2011-09-16 23:00:00,13507.0,10650.0,1662.0,,8514.0,1482.0,,6816.0,,27097.0,4447.0,
2011-09-17 00:00:00,12663.0,9926.0,1540.0,,7858.0,1380.0,,6253.0,,24991.0,4153.0,
2011-09-15 01:00:00,12993.0,9257.0,1537.0,,9386.0,1538.0,,6374.0,,30035.0,4551.0,
2011-09-15 02:00:00,12418.0,8704.0,1472.0,,8767.0,1462.0,,6133.0,,28262.0,4339.0,
2011-09-15 03:00:00,12003.0,8377.0,1420.0,,8391.0,1416.0,,6027.0,,27132.0,4181.0,
2011-09-15 04:00:00,11832.0,8172.0,1394.0,,8218.0,1380.0,,5947.0,,26508.0,4106.0,
2011-09-15 05:00:00,12064.0,8116.0,1409.0,,8294.0,1404.0,,5992.0,,26562.0,4151.0,
2011-09-15 06:00:00,12618.0,8286.0,1509.0,,8876.0,1467.0,,6353.0,,28262.0,4420.0,
2011-09-15 07:00:00,13974.0,8914.0,1733.0,,10022.0,1598.0,,7131.0,,31655.0,4920.0,
2011-09-15 08:00:00,14714.0,9965.0,1850.0,,10489.0,1671.0,,7473.0,,33521.0,5211.0,
2011-09-15 09:00:00,14874.0,10548.0,1873.0,,10910.0,1716.0,,7599.0,,34949.0,5282.0,
2011-09-15 10:00:00,15079.0,10925.0,1910.0,,11530.0,1747.0,,7754.0,,36145.0,5346.0,
2011-09-15 11:00:00,15345.0,11084.0,1937.0,,12224.0,1782.0,,7898.0,,37287.0,5454.0,
2011-09-15 12:00:00,15449.0,11255.0,1935.0,,12828.0,1784.0,,7890.0,,37947.0,5515.0,
2011-09-15 13:00:00,15462.0,11304.0,1947.0,,13287.0,1789.0,,7882.0,,37966.0,5407.0,
2011-09-15 14:00:00,15406.0,11321.0,1944.0,,13620.0,1786.0,,7904.0,,37909.0,5396.0,
2011-09-15 15:00:00,15270.0,11384.0,1933.0,,13774.0,1789.0,,7815.0,,37545.0,5275.0,
2011-09-15 16:00:00,14992.0,11299.0,1887.0,,13663.0,1773.0,,7659.0,,36742.0,5181.0,
2011-09-15 17:00:00,14830.0,11191.0,1877.0,,13405.0,1773.0,,7540.0,,35729.0,5170.0,
2011-09-15 18:00:00,14742.0,11062.0,1843.0,,12818.0,1726.0,,7452.0,,34403.0,5115.0,
2011-09-15 19:00:00,14623.0,10864.0,1817.0,,12156.0,1678.0,,7371.0,,33048.0,5063.0,
2011-09-15 20:00:00,14771.0,10816.0,1821.0,,11807.0,1695.0,,7430.0,,32989.0,5214.0,
2011-09-15 21:00:00,15374.0,11388.0,1927.0,,11276.0,1718.0,,7860.0,,32424.0,5385.0,
2011-09-15 22:00:00,14939.0,11300.0,1866.0,,10369.0,1645.0,,7521.0,,30545.0,5155.0,
2011-09-15 23:00:00,13896.0,10864.0,1728.0,,9296.0,1525.0,,6978.0,,27830.0,4766.0,
2011-09-16 00:00:00,12785.0,9957.0,1574.0,,8304.0,1431.0,,6476.0,,25258.0,4400.0,
2011-09-14 01:00:00,13556.0,10012.0,1799.0,,9137.0,1659.0,,7096.0,,28791.0,4646.0,
2011-09-14 02:00:00,12986.0,9363.0,1665.0,,8569.0,1591.0,,6751.0,,27133.0,4423.0,
2011-09-14 03:00:00,12519.0,8959.0,1576.0,,8248.0,1547.0,,6526.0,,26117.0,4304.0,
2011-09-14 04:00:00,12175.0,8707.0,1524.0,,8028.0,1502.0,,6344.0,,25573.0,4223.0,
2011-09-14 05:00:00,12179.0,8590.0,1520.0,,8086.0,1511.0,,6366.0,,25774.0,4221.0,
2011-09-14 06:00:00,12755.0,8720.0,1617.0,,8706.0,1590.0,,6643.0,,27550.0,4499.0,
2011-09-14 07:00:00,14035.0,9334.0,1830.0,,9782.0,1729.0,,7432.0,,31044.0,5024.0,
2011-09-14 08:00:00,14525.0,10379.0,1956.0,,10298.0,1785.0,,7763.0,,32972.0,5226.0,
2011-09-14 09:00:00,14872.0,11023.0,1979.0,,10727.0,1845.0,,7942.0,,34774.0,5402.0,
2011-09-14 10:00:00,15352.0,11538.0,2023.0,,11466.0,1907.0,,8185.0,,36670.0,5581.0,
2011-09-14 11:00:00,15795.0,11731.0,2064.0,,12288.0,1984.0,,8436.0,,38812.0,5842.0,
2011-09-14 12:00:00,16139.0,11851.0,2089.0,,13117.0,2034.0,,8607.0,,40593.0,6057.0,
2011-09-14 13:00:00,16493.0,11887.0,2086.0,,13912.0,2082.0,,8650.0,,42339.0,6227.0,
2011-09-14 14:00:00,16989.0,11802.0,2157.0,,14694.0,2134.0,,8762.0,,44030.0,6472.0,
2011-09-14 15:00:00,17287.0,11781.0,2139.0,,15289.0,2182.0,,8703.0,,45297.0,6592.0,
2011-09-14 16:00:00,17348.0,11615.0,2107.0,,15659.0,2196.0,,8630.0,,46131.0,6680.0,
2011-09-14 17:00:00,17381.0,11396.0,2066.0,,15886.0,2184.0,,8469.0,,46461.0,6679.0,
2011-09-14 18:00:00,17278.0,11259.0,2045.0,,15627.0,2132.0,,8244.0,,45846.0,6546.0,
2011-09-14 19:00:00,16887.0,11060.0,1990.0,,14919.0,2068.0,,8128.0,,44280.0,6362.0,
2011-09-14 20:00:00,16792.0,10877.0,2006.0,,14557.0,2061.0,,8220.0,,44132.0,6313.0,
2011-09-14 21:00:00,16843.0,11395.0,2046.0,,14083.0,2064.0,,8309.0,,43009.0,6292.0,
2011-09-14 22:00:00,16154.0,11393.0,1951.0,,12967.0,1948.0,,7922.0,,40257.0,5896.0,
2011-09-14 23:00:00,15066.0,10876.0,1797.0,,11595.0,1792.0,,7288.0,,36486.0,5369.0,
2011-09-15 00:00:00,13867.0,10042.0,1641.0,,10377.0,1637.0,,6808.0,,32839.0,4928.0,
2011-09-13 01:00:00,13460.0,11723.0,1718.0,,8755.0,1524.0,,6962.0,,27827.0,4480.0,
2011-09-13 02:00:00,12984.0,10848.0,1602.0,,8146.0,1477.0,,6694.0,,26253.0,4247.0,
2011-09-13 03:00:00,12471.0,10265.0,1537.0,,7868.0,1428.0,,6507.0,,25262.0,4175.0,
2011-09-13 04:00:00,12315.0,9872.0,1495.0,,7739.0,1380.0,,6387.0,,24796.0,4074.0,
2011-09-13 05:00:00,12421.0,9667.0,1508.0,,7913.0,1425.0,,6427.0,,25014.0,4088.0,
2011-09-13 06:00:00,12975.0,9755.0,1611.0,,8435.0,1527.0,,6787.0,,26782.0,4404.0,
2011-09-13 07:00:00,14465.0,10402.0,1851.0,,9549.0,1652.0,,7570.0,,30011.0,4936.0,
2011-09-13 08:00:00,15096.0,11474.0,1970.0,,10023.0,1699.0,,7979.0,,31894.0,5099.0,
2011-09-13 09:00:00,15471.0,12120.0,2017.0,,10499.0,1774.0,,8229.0,,33564.0,5254.0,
2011-09-13 10:00:00,16004.0,12754.0,2105.0,,11107.0,1897.0,,8499.0,,35321.0,5468.0,
2011-09-13 11:00:00,16673.0,13169.0,2201.0,,11797.0,1996.0,,8950.0,,37267.0,5699.0,
2011-09-13 12:00:00,17157.0,13574.0,2283.0,,12510.0,2060.0,,9018.0,,38980.0,5944.0,
2011-09-13 13:00:00,17789.0,13757.0,2375.0,,13251.0,2121.0,,9490.0,,40244.0,6121.0,
2011-09-13 14:00:00,18314.0,13872.0,2448.0,,13916.0,2171.0,,9764.0,,41679.0,6357.0,
2011-09-13 15:00:00,18681.0,14058.0,2524.0,,14464.0,2226.0,,9934.0,,42671.0,6452.0,
2011-09-13 16:00:00,18873.0,14053.0,2568.0,,14810.0,2268.0,,10095.0,,43402.0,6572.0,
2011-09-13 17:00:00,19106.0,13987.0,2592.0,,15005.0,2290.0,,10038.0,,43791.0,6651.0,
2011-09-13 18:00:00,18909.0,13738.0,2596.0,,14863.0,2275.0,,9843.0,,43303.0,6637.0,
2011-09-13 19:00:00,18377.0,13266.0,2538.0,,14307.0,2183.0,,9603.0,,41634.0,6456.0,
2011-09-13 20:00:00,17932.0,12715.0,2484.0,,13980.0,2171.0,,9380.0,,41321.0,6391.0,
2011-09-13 21:00:00,18174.0,12909.0,2524.0,,13665.0,2162.0,,9662.0,,40827.0,6416.0,
2011-09-13 22:00:00,17356.0,12706.0,2398.0,,12615.0,2102.0,,9112.0,,38323.0,6052.0,
2011-09-13 23:00:00,15996.0,11989.0,2179.0,,11249.0,1916.0,,8426.0,,34736.0,5499.0,
2011-09-14 00:00:00,14676.0,10956.0,1957.0,,10042.0,1778.0,,7746.0,,31426.0,5051.0,
2011-09-12 01:00:00,12455.0,10448.0,1511.0,,8940.0,1426.0,,6182.0,,26235.0,4203.0,
2011-09-12 02:00:00,11865.0,9781.0,1457.0,,8355.0,1381.0,,5858.0,,24943.0,4008.0,
2011-09-12 03:00:00,11672.0,9372.0,1406.0,,8049.0,1375.0,,5752.0,,24153.0,3925.0,
2011-09-12 04:00:00,11584.0,9057.0,1393.0,,7899.0,1353.0,,5762.0,,23850.0,3914.0,
2011-09-12 05:00:00,11802.0,8948.0,1429.0,,7956.0,1370.0,,5839.0,,24275.0,3979.0,
2011-09-12 06:00:00,12369.0,9140.0,1538.0,,8555.0,1466.0,,6322.0,,26051.0,4254.0,
2011-09-12 07:00:00,13937.0,9910.0,1779.0,,9686.0,1607.0,,7079.0,,29435.0,4742.0,
2011-09-12 08:00:00,14584.0,11025.0,1901.0,,10113.0,1625.0,,7446.0,,31255.0,4979.0,
2011-09-12 09:00:00,14877.0,11901.0,1955.0,,10524.0,1700.0,,7801.0,,32853.0,5096.0,
2011-09-12 10:00:00,15377.0,12695.0,2038.0,,11146.0,1781.0,,8100.0,,34482.0,5370.0,
2011-09-12 11:00:00,16181.0,13490.0,2129.0,,11902.0,1855.0,,8444.0,,36135.0,5619.0,
2011-09-12 12:00:00,16701.0,14160.0,2204.0,,12627.0,1893.0,,8694.0,,37516.0,5742.0,
2011-09-12 13:00:00,17223.0,14782.0,2287.0,,13252.0,1929.0,,8991.0,,38831.0,5859.0,
2011-09-12 14:00:00,17799.0,15382.0,2353.0,,13845.0,1994.0,,9249.0,,40198.0,6082.0,
2011-09-12 15:00:00,17955.0,15931.0,2382.0,,14210.0,2043.0,,9346.0,,41016.0,6193.0,
2011-09-12 16:00:00,18073.0,16158.0,2399.0,,14451.0,2056.0,,9414.0,,41700.0,6222.0,
2011-09-12 17:00:00,18060.0,16325.0,2414.0,,14496.0,2084.0,,9446.0,,42178.0,6259.0,
2011-09-12 18:00:00,17921.0,16278.0,2405.0,,14302.0,2062.0,,9316.0,,41954.0,6297.0,
2011-09-12 19:00:00,17594.0,15891.0,2362.0,,13674.0,2017.0,,9128.0,,40480.0,6211.0,
2011-09-12 20:00:00,17379.0,15171.0,2305.0,,13363.0,1976.0,,8969.0,,40144.0,6160.0,
2011-09-12 21:00:00,17690.0,15253.0,2339.0,,13089.0,2003.0,,9254.0,,39688.0,6187.0,
2011-09-12 22:00:00,16975.0,15049.0,2217.0,,12060.0,1905.0,,8817.0,,37105.0,5818.0,
2011-09-12 23:00:00,15706.0,14173.0,2032.0,,10793.0,1778.0,,8105.0,,33633.0,5346.0,
2011-09-13 00:00:00,14595.0,12935.0,1842.0,,9624.0,1648.0,,7468.0,,30351.0,4859.0,
2011-09-11 01:00:00,12063.0,9860.0,1447.0,,9420.0,1466.0,,5912.0,,27659.0,4250.0,
2011-09-11 02:00:00,11632.0,9274.0,1363.0,,8534.0,1383.0,,5671.0,,26225.0,3955.0,
2011-09-11 03:00:00,11203.0,8798.0,1318.0,,8272.0,1345.0,,5474.0,,24970.0,3763.0,
2011-09-11 04:00:00,10966.0,8523.0,1276.0,,8018.0,1299.0,,5390.0,,24233.0,3739.0,
2011-09-11 05:00:00,10890.0,8308.0,1269.0,,7856.0,1298.0,,5363.0,,23898.0,3665.0,
2011-09-11 06:00:00,10998.0,8245.0,1280.0,,7846.0,1296.0,,5361.0,,24072.0,3727.0,
2011-09-11 07:00:00,11186.0,8232.0,1319.0,,8020.0,1313.0,,5488.0,,24524.0,3859.0,
2011-09-11 08:00:00,11496.0,8261.0,1360.0,,8343.0,1329.0,,5588.0,,25275.0,3935.0,
2011-09-11 09:00:00,12048.0,8429.0,1452.0,,9303.0,1397.0,,5885.0,,27153.0,4200.0,
2011-09-11 10:00:00,12788.0,9095.0,1549.0,,10410.0,1498.0,,6292.0,,29087.0,4632.0,
2011-09-11 11:00:00,13370.0,9756.0,1635.0,,11451.0,1614.0,,6542.0,,30682.0,4946.0,
2011-09-11 12:00:00,13977.0,10379.0,1719.0,,12284.0,1704.0,,6890.0,,31993.0,5175.0,
2011-09-11 13:00:00,14544.0,10933.0,1797.0,,13097.0,1761.0,,7115.0,,33053.0,5427.0,
2011-09-11 14:00:00,14859.0,11462.0,1839.0,,13645.0,1797.0,,7283.0,,33799.0,5515.0,
2011-09-11 15:00:00,15157.0,11794.0,1859.0,,14009.0,1778.0,,7376.0,,34324.0,5535.0,
2011-09-11 16:00:00,15257.0,12128.0,1861.0,,14049.0,1763.0,,7318.0,,34635.0,5514.0,
2011-09-11 17:00:00,15394.0,12333.0,1852.0,,14075.0,1784.0,,7381.0,,34895.0,5570.0,
2011-09-11 18:00:00,15511.0,12538.0,1847.0,,14069.0,1776.0,,7386.0,,34892.0,5553.0,
2011-09-11 19:00:00,15296.0,12554.0,1859.0,,13586.0,1778.0,,7369.0,,34448.0,5449.0,
2011-09-11 20:00:00,15124.0,12381.0,1837.0,,13189.0,1772.0,,7411.0,,35013.0,5458.0,
2011-09-11 21:00:00,15499.0,12644.0,1919.0,,13003.0,1747.0,,7740.0,,35112.0,5506.0,
2011-09-11 22:00:00,14888.0,12666.0,1852.0,,12046.0,1715.0,,7447.0,,33365.0,5229.0,
2011-09-11 23:00:00,14036.0,12146.0,1745.0,,10894.0,1610.0,,7007.0,,31011.0,4894.0,
2011-09-12 00:00:00,13132.0,11317.0,1624.0,,9792.0,1517.0,,6550.0,,28386.0,4443.0,
2011-09-10 01:00:00,12390.0,10144.0,1493.0,,9323.0,1454.0,,6495.0,,29963.0,4454.0,
2011-09-10 02:00:00,11876.0,9458.0,1402.0,,8678.0,1383.0,,6164.0,,28174.0,4223.0,
2011-09-10 03:00:00,11584.0,9055.0,1345.0,,8258.0,1362.0,,5935.0,,26891.0,4066.0,
2011-09-10 04:00:00,11332.0,8729.0,1303.0,,7974.0,1330.0,,5855.0,,26143.0,3971.0,
2011-09-10 05:00:00,11383.0,8587.0,1299.0,,7903.0,1320.0,,5812.0,,25790.0,3940.0,
2011-09-10 06:00:00,11610.0,8525.0,1326.0,,7997.0,1333.0,,5950.0,,26110.0,4005.0,
2011-09-10 07:00:00,11984.0,8687.0,1404.0,,8239.0,1376.0,,6196.0,,26927.0,4138.0,
2011-09-10 08:00:00,12348.0,8963.0,1457.0,,8652.0,1428.0,,6429.0,,28082.0,4321.0,
2011-09-10 09:00:00,13004.0,9314.0,1548.0,,9657.0,1501.0,,6753.0,,30507.0,4624.0,
2011-09-10 10:00:00,13825.0,9958.0,1662.0,,10782.0,1573.0,,7115.0,,32730.0,4928.0,
2011-09-10 11:00:00,14385.0,10509.0,1729.0,,11734.0,1629.0,,7323.0,,34850.0,5160.0,
2011-09-10 12:00:00,14748.0,10965.0,1768.0,,12540.0,1695.0,,7440.0,,36414.0,5308.0,
2011-09-10 13:00:00,15079.0,11270.0,1797.0,,13152.0,1759.0,,7445.0,,37513.0,5414.0,
2011-09-10 14:00:00,15164.0,11487.0,1818.0,,13584.0,1792.0,,7457.0,,38254.0,5516.0,
2011-09-10 15:00:00,15273.0,11508.0,1835.0,,13909.0,1824.0,,7425.0,,38749.0,5594.0,
2011-09-10 16:00:00,15296.0,11464.0,1819.0,,14148.0,1824.0,,7440.0,,38979.0,5686.0,
2011-09-10 17:00:00,15387.0,11448.0,1825.0,,14238.0,1802.0,,7429.0,,39075.0,5763.0,
2011-09-10 18:00:00,15413.0,11458.0,1812.0,,14129.0,1762.0,,7328.0,,38696.0,5739.0,
2011-09-10 19:00:00,15206.0,11416.0,1795.0,,13573.0,1763.0,,7249.0,,37510.0,5578.0,
2011-09-10 20:00:00,15091.0,11233.0,1779.0,,13085.0,1757.0,,7300.0,,37155.0,5522.0,
2011-09-10 21:00:00,15230.0,11569.0,1846.0,,12803.0,1786.0,,7493.0,,36795.0,5525.0,
2011-09-10 22:00:00,14763.0,11569.0,1801.0,,12065.0,1723.0,,7295.0,,35065.0,5247.0,
2011-09-10 23:00:00,13978.0,11169.0,1680.0,,11097.0,1631.0,,6866.0,,32753.0,4884.0,
2011-09-11 00:00:00,12905.0,10561.0,1556.0,,10106.0,1542.0,,6392.0,,30174.0,4515.0,
2011-09-09 01:00:00,12828.0,9973.0,1576.0,,9565.0,1534.0,,6649.0,,28213.0,4540.0,
2011-09-09 02:00:00,12177.0,9393.0,1486.0,,9000.0,1449.0,,6437.0,,26717.0,4342.0,
2011-09-09 03:00:00,11903.0,9089.0,1439.0,,8702.0,1421.0,,6283.0,,25861.0,4239.0,
2011-09-09 04:00:00,11786.0,8792.0,1420.0,,8484.0,1414.0,,6175.0,,25398.0,4180.0,
2011-09-09 05:00:00,11942.0,8713.0,1456.0,,8635.0,1440.0,,6223.0,,25653.0,4221.0,
2011-09-09 06:00:00,12530.0,8902.0,1569.0,,9226.0,1507.0,,6604.0,,27380.0,4487.0,
2011-09-09 07:00:00,13939.0,9558.0,1789.0,,10279.0,1666.0,,7357.0,,30787.0,5021.0,
2011-09-09 08:00:00,14610.0,10690.0,1910.0,,10906.0,1747.0,,7864.0,,32945.0,5236.0,
2011-09-09 09:00:00,15026.0,11363.0,1947.0,,11266.0,1835.0,,8108.0,,34400.0,5399.0,
2011-09-09 10:00:00,15389.0,11835.0,1999.0,,11769.0,1853.0,,8301.0,,35470.0,5514.0,
2011-09-09 11:00:00,15697.0,12199.0,2042.0,,12412.0,1868.0,,8495.0,,36629.0,5581.0,
2011-09-09 12:00:00,15895.0,12426.0,2060.0,,12909.0,1929.0,,8613.0,,37762.0,5656.0,
2011-09-09 13:00:00,16135.0,12487.0,2081.0,,13392.0,1940.0,,8663.0,,38775.0,5715.0,
2011-09-09 14:00:00,16422.0,12484.0,2098.0,,13902.0,1942.0,,8733.0,,39993.0,5800.0,
2011-09-09 15:00:00,16507.0,12538.0,2083.0,,14389.0,1961.0,,8718.0,,40993.0,5843.0,
2011-09-09 16:00:00,16352.0,12486.0,2049.0,,14665.0,1947.0,,8667.0,,41841.0,5838.0,
2011-09-09 17:00:00,16329.0,12453.0,2033.0,,14770.0,1964.0,,8577.0,,42509.0,5880.0,
2011-09-09 18:00:00,16039.0,12272.0,1990.0,,14601.0,1956.0,,8403.0,,42343.0,5884.0,
2011-09-09 19:00:00,15760.0,12001.0,1916.0,,13925.0,1891.0,,8164.0,,40972.0,5770.0,
2011-09-09 20:00:00,15417.0,11856.0,1893.0,,13244.0,1835.0,,8040.0,,40276.0,5727.0,
2011-09-09 21:00:00,15731.0,12193.0,1961.0,,12934.0,1841.0,,8198.0,,39834.0,5790.0,
2011-09-09 22:00:00,15396.0,12141.0,1909.0,,12131.0,1772.0,,8034.0,,37902.0,5577.0,
2011-09-09 23:00:00,14576.0,11680.0,1781.0,,11176.0,1685.0,,7592.0,,35275.0,5228.0,
2011-09-10 00:00:00,13412.0,10882.0,1629.0,,10176.0,1576.0,,7022.0,,32450.0,4812.0,
2011-09-08 01:00:00,12647.0,9527.0,1542.0,,9303.0,1436.0,,6400.0,,28087.0,4435.0,
2011-09-08 02:00:00,12149.0,8986.0,1468.0,,8848.0,1348.0,,6129.0,,26638.0,4188.0,
2011-09-08 03:00:00,11850.0,8641.0,1436.0,,8541.0,1328.0,,6024.0,,25828.0,4103.0,
2011-09-08 04:00:00,11672.0,8432.0,1410.0,,8430.0,1323.0,,6023.0,,25360.0,4061.0,
2011-09-08 05:00:00,11918.0,8361.0,1443.0,,8547.0,1354.0,,6105.0,,25682.0,4136.0,
2011-09-08 06:00:00,12567.0,8551.0,1555.0,,9124.0,1432.0,,6463.0,,27421.0,4404.0,
2011-09-08 07:00:00,14062.0,9189.0,1785.0,,10395.0,1562.0,,7328.0,,30747.0,4946.0,
2011-09-08 08:00:00,14688.0,10245.0,1913.0,,10981.0,1653.0,,7779.0,,32730.0,5178.0,
2011-09-08 09:00:00,15033.0,10942.0,1949.0,,11233.0,1724.0,,8061.0,,33846.0,5337.0,
2011-09-08 10:00:00,15355.0,11493.0,1994.0,,11576.0,1743.0,,8325.0,,34817.0,5420.0,
2011-09-08 11:00:00,15513.0,11895.0,2029.0,,11919.0,1796.0,,8544.0,,35498.0,5550.0,
2011-09-08 12:00:00,15790.0,12282.0,2055.0,,12338.0,1815.0,,8543.0,,35968.0,5646.0,
2011-09-08 13:00:00,15916.0,12461.0,2054.0,,12799.0,1883.0,,8537.0,,36326.0,5698.0,
2011-09-08 14:00:00,15967.0,12523.0,2056.0,,13177.0,1938.0,,8683.0,,36753.0,5769.0,
2011-09-08 15:00:00,15806.0,12625.0,2046.0,,13314.0,1974.0,,8633.0,,36763.0,5772.0,
2011-09-08 16:00:00,15784.0,12460.0,2010.0,,13359.0,1988.0,,8554.0,,36892.0,5806.0,
2011-09-08 17:00:00,15780.0,12304.0,1996.0,,13530.0,2004.0,,8442.0,,37172.0,5861.0,
2011-09-08 18:00:00,15729.0,12131.0,1968.0,,13479.0,2015.0,,8312.0,,37246.0,5887.0,
2011-09-08 19:00:00,15578.0,11971.0,1957.0,,13241.0,1961.0,,8243.0,,37021.0,5807.0,
2011-09-08 20:00:00,15643.0,11896.0,1971.0,,13223.0,1954.0,,8318.0,,37503.0,5928.0,
2011-09-08 21:00:00,16143.0,12279.0,2047.0,,13212.0,1975.0,,8581.0,,37516.0,6057.0,
2011-09-08 22:00:00,15693.0,12173.0,1965.0,,12471.0,1877.0,,8219.0,,35864.0,5774.0,
2011-09-08 23:00:00,14785.0,11659.0,1841.0,,11411.0,1761.0,,7675.0,,33216.0,5333.0,
2011-09-09 00:00:00,13751.0,10782.0,1678.0,,10391.0,1630.0,,7143.0,,30429.0,4886.0,
2011-09-07 01:00:00,12571.0,9429.0,1545.0,,8879.0,1316.0,,6311.0,,25131.0,4227.0,
2011-09-07 02:00:00,11911.0,8880.0,1476.0,,8513.0,1273.0,,6087.0,,24190.0,4057.0,
2011-09-07 03:00:00,11715.0,8545.0,1432.0,,8351.0,1273.0,,5920.0,,23615.0,3961.0,
2011-09-07 04:00:00,11626.0,8317.0,1420.0,,8297.0,1272.0,,5836.0,,23451.0,3946.0,
2011-09-07 05:00:00,11804.0,8244.0,1441.0,,8395.0,1288.0,,5917.0,,23919.0,3986.0,
2011-09-07 06:00:00,12463.0,8415.0,1548.0,,9087.0,1372.0,,6370.0,,25823.0,4266.0,
2011-09-07 07:00:00,13818.0,9032.0,1773.0,,10324.0,1507.0,,7109.0,,29407.0,4794.0,
2011-09-07 08:00:00,14565.0,9971.0,1903.0,,10893.0,1605.0,,7582.0,,31650.0,5061.0,
2011-09-07 09:00:00,14863.0,10667.0,1949.0,,11195.0,1669.0,,7778.0,,33089.0,5135.0,
2011-09-07 10:00:00,15058.0,11219.0,1991.0,,11619.0,1730.0,,7994.0,,34219.0,5207.0,
2011-09-07 11:00:00,15337.0,11604.0,2027.0,,11969.0,1746.0,,8120.0,,35416.0,5333.0,
2011-09-07 12:00:00,15536.0,11909.0,2026.0,,12166.0,1782.0,,8261.0,,36160.0,5440.0,
2011-09-07 13:00:00,15721.0,11999.0,2031.0,,12276.0,1780.0,,8238.0,,36711.0,5432.0,
2011-09-07 14:00:00,15742.0,12045.0,2018.0,,12416.0,1768.0,,8288.0,,37147.0,5467.0,
2011-09-07 15:00:00,15693.0,12185.0,2009.0,,12652.0,1775.0,,8144.0,,37142.0,5459.0,
2011-09-07 16:00:00,15558.0,12129.0,1966.0,,12865.0,1763.0,,8108.0,,37121.0,5489.0,
2011-09-07 17:00:00,15494.0,12085.0,1952.0,,13017.0,1755.0,,8053.0,,37308.0,5559.0,
2011-09-07 18:00:00,15472.0,11980.0,1956.0,,13047.0,1768.0,,7963.0,,37435.0,5539.0,
2011-09-07 19:00:00,15443.0,11756.0,1947.0,,12819.0,1751.0,,7865.0,,36995.0,5543.0,
2011-09-07 20:00:00,15620.0,11385.0,1958.0,,12895.0,1750.0,,7976.0,,37516.0,5690.0,
2011-09-07 21:00:00,15972.0,11681.0,2003.0,,12869.0,1788.0,,8216.0,,37388.0,5787.0,
2011-09-07 22:00:00,15458.0,11780.0,1916.0,,12069.0,1744.0,,7886.0,,35656.0,5511.0,
2011-09-07 23:00:00,14611.0,11225.0,1775.0,,11024.0,1637.0,,7240.0,,32910.0,5143.0,
2011-09-08 00:00:00,13461.0,10351.0,1636.0,,10024.0,1497.0,,6852.0,,30195.0,4744.0,
2011-09-06 01:00:00,12000.0,8437.0,1390.0,,9426.0,1313.0,,5627.0,,28053.0,3991.0,
2011-09-06 02:00:00,11605.0,8015.0,1346.0,,8915.0,1247.0,,5447.0,,26234.0,3902.0,
2011-09-06 03:00:00,11344.0,7803.0,1319.0,,8556.0,1224.0,,5373.0,,25176.0,3877.0,
2011-09-06 04:00:00,11360.0,7675.0,1317.0,,8385.0,1224.0,,5364.0,,24650.0,3823.0,
2011-09-06 05:00:00,11451.0,7686.0,1346.0,,8521.0,1239.0,,5476.0,,24776.0,3897.0,
2011-09-06 06:00:00,12291.0,7930.0,1477.0,,9100.0,1330.0,,5901.0,,26355.0,4142.0,
2011-09-06 07:00:00,13678.0,8655.0,1709.0,,10223.0,1483.0,,6740.0,,29714.0,4712.0,
2011-09-06 08:00:00,14370.0,9669.0,1828.0,,10824.0,1574.0,,7313.0,,31667.0,5071.0,
2011-09-06 09:00:00,14685.0,10399.0,1871.0,,11091.0,1625.0,,7553.0,,32745.0,5156.0,
2011-09-06 10:00:00,14904.0,10934.0,1914.0,,11379.0,1670.0,,7714.0,,33414.0,5221.0,
2011-09-06 11:00:00,15241.0,11272.0,1970.0,,11695.0,1698.0,,8010.0,,34018.0,5304.0,
2011-09-06 12:00:00,15552.0,11396.0,1979.0,,12045.0,1731.0,,8074.0,,34136.0,5377.0,
2011-09-06 13:00:00,15556.0,11754.0,1998.0,,12144.0,1737.0,,8138.0,,33974.0,5363.0,
2011-09-06 14:00:00,15612.0,11781.0,2003.0,,12270.0,1747.0,,8245.0,,33845.0,5332.0,
2011-09-06 15:00:00,15562.0,11940.0,2005.0,,12340.0,1725.0,,8210.0,,33452.0,5289.0,
2011-09-06 16:00:00,15417.0,11918.0,1963.0,,12223.0,1710.0,,8093.0,,33195.0,5255.0,
2011-09-06 17:00:00,15235.0,11838.0,1942.0,,12196.0,1723.0,,7946.0,,33207.0,5265.0,
2011-09-06 18:00:00,15099.0,11757.0,1919.0,,12152.0,1694.0,,7787.0,,33375.0,5280.0,
2011-09-06 19:00:00,15050.0,11522.0,1908.0,,12074.0,1670.0,,7714.0,,33292.0,5357.0,
2011-09-06 20:00:00,15251.0,11217.0,1924.0,,12215.0,1684.0,,7759.0,,33701.0,5427.0,
2011-09-06 21:00:00,15631.0,11533.0,1989.0,,11997.0,1666.0,,8065.0,,33403.0,5515.0,
2011-09-06 22:00:00,15155.0,11645.0,1919.0,,11259.0,1622.0,,7794.0,,31720.0,5205.0,
2011-09-06 23:00:00,14224.0,11078.0,1780.0,,10299.0,1544.0,,7200.0,,29222.0,4826.0,
2011-09-07 00:00:00,13215.0,10248.0,1639.0,,9445.0,1402.0,,6699.0,,26820.0,4500.0,
2011-09-05 01:00:00,12764.0,9270.0,1440.0,,10166.0,1516.0,,6095.0,,30463.0,4487.0,
2011-09-05 02:00:00,11980.0,8683.0,1360.0,,9536.0,1447.0,,5787.0,,28645.0,4237.0,
2011-09-05 03:00:00,11667.0,8324.0,1297.0,,9067.0,1406.0,,5550.0,,27392.0,4068.0,
2011-09-05 04:00:00,11432.0,8013.0,1264.0,,8730.0,1379.0,,5394.0,,26600.0,3941.0,
2011-09-05 05:00:00,11461.0,7891.0,1246.0,,8559.0,1390.0,,5365.0,,26367.0,3915.0,
2011-09-05 06:00:00,11505.0,7815.0,1268.0,,8649.0,1418.0,,5455.0,,26797.0,3994.0,
2011-09-05 07:00:00,11709.0,7948.0,1307.0,,8848.0,1426.0,,5563.0,,27451.0,4124.0,
2011-09-05 08:00:00,11864.0,7896.0,1318.0,,9145.0,1421.0,,5584.0,,28110.0,4211.0,
2011-09-05 09:00:00,12364.0,8012.0,1379.0,,10031.0,1466.0,,5836.0,,30276.0,4476.0,
2011-09-05 10:00:00,13187.0,8375.0,1470.0,,11138.0,1527.0,,6221.0,,33098.0,4881.0,
2011-09-05 11:00:00,13721.0,8834.0,1542.0,,12185.0,1566.0,,6474.0,,35464.0,5163.0,
2011-09-05 12:00:00,14030.0,9184.0,1580.0,,12921.0,1577.0,,6574.0,,37249.0,5314.0,
2011-09-05 13:00:00,14047.0,9350.0,1607.0,,13400.0,1588.0,,6599.0,,38237.0,5351.0,
2011-09-05 14:00:00,13891.0,9378.0,1574.0,,13668.0,1581.0,,6566.0,,38585.0,5294.0,
2011-09-05 15:00:00,13835.0,9345.0,1551.0,,13764.0,1580.0,,6475.0,,38992.0,5217.0,
2011-09-05 16:00:00,13784.0,9274.0,1543.0,,13746.0,1572.0,,6380.0,,39226.0,5174.0,
2011-09-05 17:00:00,13783.0,9255.0,1558.0,,13695.0,1560.0,,6407.0,,39399.0,5179.0,
2011-09-05 18:00:00,13722.0,9267.0,1572.0,,13652.0,1548.0,,6388.0,,39218.0,5186.0,
2011-09-05 19:00:00,13786.0,9311.0,1580.0,,13377.0,1540.0,,6453.0,,38595.0,5158.0,
2011-09-05 20:00:00,13968.0,9304.0,1601.0,,13383.0,1569.0,,6553.0,,38896.0,5247.0,
2011-09-05 21:00:00,14368.0,9718.0,1686.0,,13414.0,1596.0,,6805.0,,38779.0,5251.0,
2011-09-05 22:00:00,14047.0,9983.0,1634.0,,12583.0,1570.0,,6615.0,,36832.0,4952.0,
2011-09-05 23:00:00,13349.0,9650.0,1545.0,,11356.0,1465.0,,6296.0,,33815.0,4587.0,
2011-09-06 00:00:00,12502.0,9032.0,1456.0,,10166.0,1377.0,,5908.0,,30653.0,4232.0,
2011-09-04 01:00:00,14777.0,11655.0,1911.0,,9207.0,1921.0,,7986.0,,29403.0,4911.0,
2011-09-04 02:00:00,13954.0,10938.0,1777.0,,8640.0,1820.0,,7388.0,,27662.0,4620.0,
2011-09-04 03:00:00,13367.0,10275.0,1652.0,,8252.0,1741.0,,7027.0,,26486.0,4378.0,
2011-09-04 04:00:00,12914.0,9872.0,1589.0,,8026.0,1673.0,,6739.0,,25661.0,4231.0,
2011-09-04 05:00:00,12725.0,9593.0,1551.0,,7914.0,1627.0,,6536.0,,25201.0,4140.0,
2011-09-04 06:00:00,12565.0,9440.0,1534.0,,7964.0,1620.0,,6493.0,,25333.0,4142.0,
2011-09-04 07:00:00,12733.0,9429.0,1563.0,,8101.0,1630.0,,6487.0,,25674.0,4215.0,
2011-09-04 08:00:00,12909.0,9305.0,1588.0,,8382.0,1620.0,,6460.0,,26452.0,4342.0,
2011-09-04 09:00:00,13672.0,9317.0,1682.0,,9270.0,1716.0,,6737.0,,28562.0,4696.0,
2011-09-04 10:00:00,14513.0,9662.0,1794.0,,10336.0,1829.0,,7205.0,,31092.0,5134.0,
2011-09-04 11:00:00,15287.0,10095.0,1850.0,,11253.0,1922.0,,7595.0,,33660.0,5569.0,
2011-09-04 12:00:00,15824.0,10473.0,1899.0,,12243.0,1965.0,,7891.0,,36217.0,5889.0,
2011-09-04 13:00:00,16405.0,10883.0,1931.0,,13293.0,2001.0,,8095.0,,38513.0,6177.0,
2011-09-04 14:00:00,16655.0,11000.0,1924.0,,13986.0,2024.0,,8128.0,,40275.0,6379.0,
2011-09-04 15:00:00,16694.0,11139.0,1901.0,,14450.0,2016.0,,8034.0,,41240.0,6469.0,
2011-09-04 16:00:00,16668.0,11131.0,1884.0,,14745.0,1998.0,,7925.0,,41570.0,6475.0,
2011-09-04 17:00:00,16479.0,11073.0,1895.0,,14869.0,1959.0,,7838.0,,41653.0,6433.0,
2011-09-04 18:00:00,16302.0,10922.0,1894.0,,14775.0,1955.0,,7741.0,,41359.0,6355.0,
2011-09-04 19:00:00,15947.0,10697.0,1876.0,,14318.0,1905.0,,7585.0,,40205.0,6140.0,
2011-09-04 20:00:00,15473.0,10369.0,1841.0,,13868.0,1862.0,,7533.0,,39799.0,6029.0,
2011-09-04 21:00:00,15687.0,10486.0,1869.0,,13671.0,1848.0,,7673.0,,39562.0,5911.0,
2011-09-04 22:00:00,15255.0,10617.0,1817.0,,12932.0,1789.0,,7456.0,,37950.0,5602.0,
2011-09-04 23:00:00,14450.0,10363.0,1709.0,,12094.0,1719.0,,7031.0,,35572.0,5234.0,
2011-09-05 00:00:00,13556.0,9804.0,1567.0,,11090.0,1618.0,,6557.0,,32982.0,4862.0,
2011-09-03 01:00:00,15941.0,15121.0,2140.0,,9000.0,1930.0,,8708.0,,27077.0,4947.0,
2011-09-03 02:00:00,14896.0,13948.0,1973.0,,8453.0,1833.0,,8157.0,,25599.0,4677.0,
2011-09-03 03:00:00,14287.0,13139.0,1846.0,,8083.0,1756.0,,7896.0,,24651.0,4460.0,
2011-09-03 04:00:00,13813.0,12445.0,1752.0,,7862.0,1703.0,,7510.0,,23971.0,4318.0,
2011-09-03 05:00:00,13327.0,12002.0,1711.0,,7775.0,1661.0,,7236.0,,23768.0,4232.0,
2011-09-03 06:00:00,13285.0,11710.0,1701.0,,7864.0,1663.0,,7321.0,,24094.0,4229.0,
2011-09-03 07:00:00,13551.0,11721.0,1739.0,,8110.0,1691.0,,7205.0,,24782.0,4356.0,
2011-09-03 08:00:00,13600.0,11782.0,1750.0,,8448.0,1717.0,,7267.0,,25811.0,4505.0,
2011-09-03 09:00:00,14620.0,12271.0,1895.0,,9286.0,1844.0,,7818.0,,28005.0,4888.0,
2011-09-03 10:00:00,15915.0,13242.0,2124.0,,10137.0,2034.0,,8761.0,,30338.0,5358.0,
2011-09-03 11:00:00,17352.0,14440.0,2355.0,,10846.0,2215.0,,9599.0,,32267.0,5803.0,
2011-09-03 12:00:00,18541.0,15616.0,2566.0,,11398.0,2344.0,,10329.0,,33692.0,6137.0,
2011-09-03 13:00:00,19600.0,16476.0,2741.0,,11918.0,2487.0,,10941.0,,34893.0,6400.0,
2011-09-03 14:00:00,20192.0,17088.0,2847.0,,12299.0,2572.0,,11348.0,,36006.0,6615.0,
2011-09-03 15:00:00,20866.0,17126.0,2938.0,,12700.0,2629.0,,11566.0,,37067.0,6778.0,
2011-09-03 16:00:00,21021.0,16496.0,2975.0,,13116.0,2644.0,,11681.0,,38111.0,6911.0,
2011-09-03 17:00:00,21022.0,15421.0,2991.0,,13265.0,2655.0,,11828.0,,38967.0,7002.0,
2011-09-03 18:00:00,20646.0,14895.0,2954.0,,13268.0,2646.0,,11613.0,,39039.0,6993.0,
2011-09-03 19:00:00,20060.0,14456.0,2861.0,,12904.0,2589.0,,11217.0,,38275.0,6855.0,
2011-09-03 20:00:00,19307.0,14137.0,2745.0,,12486.0,2508.0,,10747.0,,37920.0,6633.0,
2011-09-03 21:00:00,19062.0,14017.0,2728.0,,12385.0,2480.0,,10636.0,,38089.0,6625.0,
2011-09-03 22:00:00,18189.0,13823.0,2602.0,,11774.0,2386.0,,10151.0,,36559.0,6285.0,
2011-09-03 23:00:00,17093.0,13233.0,2362.0,,10891.0,2221.0,,9433.0,,34236.0,5825.0,
2011-09-04 00:00:00,15964.0,12485.0,2107.0,,9981.0,2070.0,,8698.0,,31717.0,5315.0,
2011-09-02 01:00:00,16012.0,16524.0,2345.0,,8811.0,1687.0,,8403.0,,27819.0,4865.0,
2011-09-02 02:00:00,15063.0,15381.0,2191.0,,8304.0,1610.0,,7916.0,,26314.0,4606.0,
2011-09-02 03:00:00,14496.0,14539.0,2067.0,,7956.0,1539.0,,7596.0,,25402.0,4449.0,
2011-09-02 04:00:00,13982.0,13879.0,1993.0,,7842.0,1511.0,,7337.0,,24891.0,4348.0,
2011-09-02 05:00:00,13985.0,13445.0,1965.0,,7870.0,1514.0,,7315.0,,25072.0,4350.0,
2011-09-02 06:00:00,14531.0,13312.0,2041.0,,8410.0,1583.0,,7564.0,,26568.0,4625.0,
2011-09-02 07:00:00,15780.0,13841.0,2255.0,,9189.0,1717.0,,8253.0,,29154.0,5097.0,
2011-09-02 08:00:00,16345.0,14830.0,2358.0,,9786.0,1813.0,,8847.0,,31226.0,5327.0,
2011-09-02 09:00:00,16992.0,15591.0,2462.0,,10356.0,1915.0,,9320.0,,33014.0,5514.0,
2011-09-02 10:00:00,17967.0,16350.0,2635.0,,10929.0,2039.0,,9991.0,,34391.0,5807.0,
2011-09-02 11:00:00,19097.0,17170.0,2817.0,,11597.0,2201.0,,10722.0,,35532.0,6101.0,
2011-09-02 12:00:00,20257.0,18099.0,2982.0,,12122.0,2337.0,,11415.0,,36338.0,6390.0,
2011-09-02 13:00:00,21323.0,19109.0,3143.0,,12625.0,2475.0,,12093.0,,36870.0,6695.0,
2011-09-02 14:00:00,22200.0,20033.0,3255.0,,13078.0,2578.0,,12409.0,,37669.0,6907.0,
2011-09-02 15:00:00,22666.0,20745.0,3337.0,,13264.0,2650.0,,12560.0,,38014.0,7029.0,
2011-09-02 16:00:00,22826.0,21055.0,3356.0,,13295.0,2703.0,,12643.0,,38050.0,7093.0,
2011-09-02 17:00:00,22893.0,21169.0,3369.0,,13221.0,2700.0,,12690.0,,38057.0,7122.0,
2011-09-02 18:00:00,22558.0,21028.0,3337.0,,12895.0,2680.0,,12657.0,,37609.0,7081.0,
2011-09-02 19:00:00,21965.0,20567.0,3242.0,,12442.0,2600.0,,12348.0,,36315.0,6923.0,
2011-09-02 20:00:00,21152.0,19704.0,3104.0,,12120.0,2514.0,,11866.0,,35575.0,6718.0,
2011-09-02 21:00:00,20820.0,19148.0,3015.0,,12029.0,2491.0,,11715.0,,35608.0,6678.0,
2011-09-02 22:00:00,19991.0,18731.0,2869.0,,11441.0,2374.0,,11305.0,,34079.0,6351.0,
2011-09-02 23:00:00,18852.0,17808.0,2626.0,,10638.0,2238.0,,10440.0,,31712.0,5898.0,
2011-09-03 00:00:00,17135.0,16435.0,2371.0,,9737.0,2070.0,,9508.0,,29230.0,5400.0,
2011-09-01 01:00:00,14606.0,14098.0,2013.0,,8408.0,1629.0,,7735.0,,27585.0,4719.0,
2011-09-01 02:00:00,13904.0,13024.0,1890.0,,7866.0,1539.0,,7438.0,,26037.0,4468.0,
2011-09-01 03:00:00,13241.0,12219.0,1804.0,,7599.0,1492.0,,7179.0,,24973.0,4301.0,
2011-09-01 04:00:00,13003.0,11616.0,1760.0,,7416.0,1449.0,,7056.0,,24502.0,4194.0,
2011-09-01 05:00:00,13166.0,11343.0,1757.0,,7550.0,1462.0,,7143.0,,24668.0,4244.0,
2011-09-01 06:00:00,13844.0,11394.0,1855.0,,8014.0,1528.0,,7393.0,,26228.0,4519.0,
2011-09-01 07:00:00,15054.0,12029.0,2041.0,,8794.0,1671.0,,8169.0,,28809.0,5004.0,
2011-09-01 08:00:00,15689.0,13119.0,2232.0,,9243.0,1771.0,,8641.0,,30742.0,5284.0,
2011-09-01 09:00:00,16276.0,14253.0,2282.0,,9773.0,1838.0,,9068.0,,32676.0,5440.0,
2011-09-01 10:00:00,16945.0,15354.0,2394.0,,10465.0,1877.0,,9426.0,,34690.0,5575.0,
2011-09-01 11:00:00,17893.0,16552.0,2561.0,,11146.0,1909.0,,9814.0,,36548.0,5763.0,
2011-09-01 12:00:00,18783.0,17751.0,2750.0,,11797.0,1949.0,,10114.0,,38129.0,5868.0,
2011-09-01 13:00:00,19682.0,18772.0,2918.0,,12309.0,2022.0,,10550.0,,39043.0,5936.0,
2011-09-01 14:00:00,20724.0,19786.0,3081.0,,12641.0,2092.0,,10995.0,,39788.0,6041.0,
2011-09-01 15:00:00,21363.0,20587.0,3191.0,,12870.0,2083.0,,11374.0,,39979.0,6084.0,
2011-09-01 16:00:00,21816.0,20937.0,3255.0,,13046.0,2166.0,,11660.0,,40155.0,6313.0,
2011-09-01 17:00:00,22006.0,21525.0,3305.0,,13314.0,2261.0,,11829.0,,40231.0,6546.0,
2011-09-01 18:00:00,21976.0,21900.0,3301.0,,13371.0,2279.0,,11764.0,,39867.0,6588.0,
2011-09-01 19:00:00,21473.0,21635.0,3248.0,,12910.0,2228.0,,11593.0,,38576.0,6505.0,
2011-09-01 20:00:00,20989.0,21014.0,3161.0,,12496.0,2168.0,,11227.0,,37768.0,6419.0,
2011-09-01 21:00:00,20972.0,20666.0,3146.0,,12475.0,2193.0,,11260.0,,37962.0,6508.0,
2011-09-01 22:00:00,20357.0,20436.0,3041.0,,11808.0,2101.0,,10954.0,,35972.0,6234.0,
2011-09-01 23:00:00,18781.0,19448.0,2790.0,,10646.0,1969.0,,9985.0,,33077.0,5744.0,
2011-09-02 00:00:00,17197.0,17900.0,2545.0,,9641.0,1820.0,,9086.0,,30188.0,5214.0,
2011-09-01 00:00:00,15940.0,15468.0,2178.0,,9224.0,1756.0,,8281.0,,30096.0,5128.0,
